TMDB ID,Type,Title,Google Drive Link
415358,Movie,Pink,https://drive.google.com/file/d/1SPqaTX5CJRjxSpnmTr2qbuhiXhAIb2Ej/view?usp=drive_link
1081003,Movie,Supergirl,https://drive.google.com/file/d/1Ds2iMRB16amTjx__xAy-yUh651Ht8Cma/view?usp=drive_link
1368337,Movie,The Odyssey,https://drive.google.com/file/d/1Kz0K-08yzeH0UUUnelE_tM-_v1BeOXUG/view?usp=drive_link
969681,Movie,"Spider-Man: Brand New Day",
1339713,Movie,"Obsession",
1307118,Movie,"Soulm8te",
1275779,Movie,"Disclosure Day",
1083381,Movie,"Backrooms",
1741545,Movie,"WWE SummerSlam 2026: Sunday",
980431,Movie,"Avatar Aang: The Last Airbender",
1481343,Movie,"The Devil's Mouth",
1741109,Movie,"WWE SummerSlam 2026: Saturday",
454639,Movie,"Masters of the Universe",
687163,Movie,"Project Hail Mary",
1084244,Movie,"Toy Story 5",
1314481,Movie,"The Devil Wears Prada 2",
1101383,Movie,"The End of Oak Street",
1273221,Movie,"Scary Movie",
936075,Movie,"Michael",
1228710,Movie,"The Mandalorian and Grogu",
1564614,Movie,"Leviticus",
615,TV Show,"Futurama",
113962,TV Show,"Lioness",
94997,TV Show,"House of the Dragon",
37854,TV Show,"One Piece",
125988,TV Show,"Silo",
30984,TV Show,"Bleach",
271016,TV Show,"Mystic Nine",
296140,TV Show,"My Bias, My Boss",
287238,TV Show,"Furious",
277439,TV Show,"Cape Fear",
